SMILES,Predictions,Original Values
CN1CCN(c2cc(/C=C/c3ccc(N(C)C)cc3)[n+](C)c3ccccc23)CC1,0.7372206743499111,4.303
CN1Cc2cc(Cl)ccc2-n2c(nnc2C2CCN(c3cccc(F)n3)CC2)C1,0.710471476139273,0.196971153846154
CN(C(=O)C1CCN(c2cncnc2-c2ccc(F)cc2)CC1)C1CC1,0.7121469328244491,0.691065925258386
N#Cc1ccc(-c2c3n(c4cccnc24)CCN(C2CC2)C3=O)cc1F,0.7084661098954623,0.991608953231029
Cc1ccc2c(=O)n(-c3ccc(F)cc3)c(CCN3C(=O)c4cccc(OC(C)C)c4C3=O)nc2c1,0.6976874254732588,0.3062
Cc1ccc2nc(-c3ccnc(F)c3)n(-c3cc(Cl)c4[nH]ncc4c3)c2n1,0.7230132024964163,0.0763843133903134
