{
  "experiment_info": {
    "dataset": "PTBD_v20240912.csv",
    "balancing_method": "oversample_18F",
    "features": "Mordred_descriptors",
    "target": "brain at60min",
    "n_samples_original": 631,
    "n_samples_balanced": 952,
    "n_features": 50,
    "seed": 1769285332
  },
  "random_forest": {
    "best_params": {
      "n_estimators": 321,
      "max_depth": 18,
      "min_samples_split": 5,
      "min_samples_leaf": 1,
      "max_features": "sqrt",
      "bootstrap": false,
      "random_state": 1769285332
    },
    "cross_validation": {
      "cv_folds": 10,
      "rmse": "0.925+/-0.238",
      "r2": "0.450+/-0.209",
      "adj_r2": "-0.346+/-0.512"
    },
    "final_results": {
      "train": {
        "mse": 0.12293037611969106,
        "rmse": 0.35061428396414634,
        "mae": 0.13403653133299684,
        "r2": 0.9263157764341166,
        "mape": 1078112304022.8535,
        "adj_r2": 0.9211916996910092
      },
      "validation": {
        "mse": 0.3520994685972371,
        "rmse": 0.5933797001897159,
        "mae": 0.2877430786465526,
        "r2": 0.809434950904781,
        "mape": 68716498607819.78,
        "adj_r2": 0.5371991664830397
      },
      "test": {
        "mse": 0.9565714223032176,
        "rmse": 0.9780446934078307,
        "mae": 0.4658369461287826,
        "r2": 0.5289867794816612,
        "mape": 13591337582104.35,
        "adj_r2": 0.005638756683506885
      }
    }
  },
  "xgboost": {
    "best_params": {
      "n_estimators": 2056,
      "learning_rate": 0.026770813803895732,
      "max_depth": 8,
      "min_child_weight": 0.03816155733788662,
      "subsample": 0.5144527768523542,
      "colsample_bytree": 0.7453780342281893,
      "gamma": 0.0,
      "reg_alpha": 0.29433953275823077,
      "reg_lambda": 18.460100836131488,
      "random_state": 1769285332
    },
    "cross_validation": {
      "cv_folds": 10,
      "rmse": "0.896+/-0.241",
      "r2": "0.487+/-0.179",
      "adj_r2": "-0.256+/-0.438"
    },
    "final_results": {
      "train": {
        "mse": 0.09674414855425796,
        "rmse": 0.3110372140986637,
        "mae": 0.0853685468853173,
        "r2": 0.9420117492862602,
        "mape": 439241742830.9382,
        "adj_r2": 0.9379791866496997
      },
      "validation": {
        "mse": 0.24918906729607612,
        "rmse": 0.49918840861550073,
        "mae": 0.24783933291038454,
        "r2": 0.8651326370004035,
        "mape": 55702929106233.5,
        "adj_r2": 0.6724649755724086
      },
      "test": {
        "mse": 0.8837102564389158,
        "rmse": 0.9400586452125823,
        "mae": 0.437160553825864,
        "r2": 0.5648634234878493,
        "mape": 6490132490923.688,
        "adj_r2": 0.08137833847434861
      }
    }
  }
}